actual,predicted,error
-6004,-6061.179399451233,57.17939945123271
-2012,-2163.3698551136126,151.36985511361263
-931,-980.578188735634,49.578188735633944
-444,-410.1201570207517,-33.87984297924828
-31,-96.71901478865313,65.71901478865313
560,515.8923912337938,44.107608766206226
919,1096.262386466134,-177.2623864661341
1512,1651.9968210002583,-139.99682100025825
4425,4585.365957729254,-160.36595772925375
9729,9385.874284727592,343.12571527240834
3826,3716.1709667870396,109.82903321296044
3652,3933.881219211265,-281.88121921126503
2714,2786.821204496185,-72.82120449618515
1824,2271.9940896323037,-447.9940896323037
764,753.4313922191507,10.568607780849334
13,81.32454877035515,-68.32454877035515
-43,-31.32000730776775,-11.67999269223225
-961,-981.2575671672105,20.257567167210482
-5366,-5316.875922908957,-49.124077091042636
-14507,-13985.299072220714,-521.7009277792858
-5508,-5911.101852014728,403.10185201472814
-2193,-1867.4057232557666,-325.5942767442334
-940,-962.8228333306881,22.822833330688127
-391,-403.0354114353657,12.035411435365688
-182,-45.892973511460674,-136.10702648853933
564,641.1334791603497,-77.13347916034968
1214,1286.6428248838167,-72.64282488381673
1602,1848.274728318066,-246.27472831806608
4550,4831.245088353405,-281.24508835340475
9211,9061.612794358874,149.38720564112555
3021,3206.921461668034,-185.92146166803423
3561,3579.7202859319545,-18.72028593195455
2184,2395.4188747454705,-211.41887474547048
1755,2054.6530176399456,-299.6530176399456
871,766.5349299303093,104.46507006969068
-23,43.1870573247471,-66.1870573247471
14,-3.8741026878210176,17.87410268782102
-297,-352.3661020340234,55.36610203402341
-545,-489.94578491646735,-55.054215083532654
-1190,-1248.415430398854,58.415430398853914
-1924,-1937.0815618786578,13.081561878657794
-1354,-1589.4222687886756,235.42226878867564
-1357,-1682.866611354687,325.86661135468694
-1060,-1032.016457289734,-27.983542710265965
-942,-931.7254054493092,-10.274594550690836
-401,-203.182949191308,-197.817050808692
242,329.4973404391683,-87.49734043916828
529,788.9189316999456,-259.9189316999456
1242,985.8227044931386,256.17729550686136
1468,1770.8589672922565,-302.85896729225647
1264,2190.5036302902877,-926.5036302902877
2601,2839.178945889436,-238.1789458894359
1201,1436.9059999536971,-235.90599995369712
1061,1412.3909350764177,-351.3909350764177
376,129.10934385107203,246.89065614892797
-264,-147.65801428482183,-116.34198571517817
-9,-11.977675931652147,2.977675931652147
-238,-286.37559316251566,48.375593162515656
-338,-380.67196481989856,42.67196481989856
-1011,-971.5382825029561,-39.46171749704388
-1493,-1547.6915878635118,54.69158786351181
-967,-1214.8181950218027,247.8181950218027
-1079,-1036.679315348885,-42.320684651115016
-862,-742.3604698605947,-119.63953013940534
-432,-531.4417912536893,99.4417912536893
-230,-124.27176920905332,-105.72823079094668
536,339.5052067472756,196.49479325272438
650,721.3171712833904,-71.3171712833904
768,1005.1744510848823,-237.17445108488232
1026,1295.9869853536334,-269.9869853536334
1015,1304.1484506993224,-289.14845069932244
1992,2134.248735309391,-142.24873530939112
784,879.6280781461385,-95.62807814613848
857,949.7230682012506,-92.72306820125061
319,87.11819161666584,231.88180838333415
-171,-24.71935775089184,-146.28064224910815
0,-11.60704076381946,11.60704076381946
-1054,-1060.1906357373389,6.19063573733888
-5970,-5950.986394676518,-19.013605323481897
-15397,-14864.744604896598,-532.2553951034024
-5331,-6006.309432773904,675.3094327739036
-2205,-1965.686151447746,-239.31384855225406
-707,-719.6850304787738,12.685030478773797
-330,-419.3468334778435,89.34683347784352
-56,-161.83339716352907,105.83339716352907
314,419.94799886710484,-105.94799886710484
996,954.1251725283018,41.874827471698154
1182,1375.1373746132472,-193.13737461324718
4539,4737.573017116846,-198.57301711684613
10316,9882.35339425309,433.6466057469097
4031,3983.05280466918,47.947195330819795
3812,3892.0899955348955,-80.08999553489548
2444,2617.4172677705014,-173.41726777050144
1726,1996.927743534551,-270.9277435345509
660,713.802672794107,-53.802672794107025
-13,81.43486789268195,-94.43486789268195
-37,-6.721613138805827,-30.27838686119417
-1037,-1062.4643014533613,25.46430145336126
-6006,-5928.401421955951,-77.59857804404874
-15675,-14863.463445549203,-811.5365544507968
-6362,-6124.643677938807,-237.35632206119317
-1925,-2095.217700277181,170.21770027718094
-863,-918.944080573427,55.94408057342696
-394,-438.03522980863477,44.03522980863477
-15,-128.9711594079224,113.97115940792241
184,465.26184489439777,-281.26184489439777
1062,1077.6840147233927,-15.684014723392693
1490,1489.2363868461102,0.7636131538897644
4501,4745.250914962278,-244.25091496227833
9974,10007.594387491792,-33.59438749179208
3955,4002.2066795968663,-47.20667959686625
3922,3939.4814532140695,-17.48145321406946
2479,2739.9625485446963,-260.96254854469635
1904,2077.5871740259126,-173.58717402591265
686,704.2862341513757,-18.286234151375652
23,163.6723602846487,-140.6723602846487
-26,-11.702755004583203,-14.297244995416797
-1016,-1025.670630325859,9.670630325859065
-5757,-5879.102478113517,122.10247811351655
-15228,-14933.79492498922,-294.2050750107792
-6138,-5972.971403031543,-165.02859696845735
-1785,-2073.556167918346,288.5561679183461
-583,-905.2133570166719,322.2133570166719
-184,-427.15186778594455,243.15186778594455
-179,-92.40991099360213,-86.59008900639787
362,472.7891179099764,-110.78911790997643
912,1007.6168486601871,-95.61684866018709
1451,1636.1004274387526,-185.1004274387526
4822,5106.629876584913,-284.6298765849133
9478,9737.502512471821,-259.5025124718213
3666,3839.318424963606,-173.31842496360605
3782,3782.1896121199647,-0.18961211996474958
2463,2775.5457754416457,-312.5457754416457
1806,2151.114243590297,-345.11424359029706
713,750.0651095521142,-37.06510955211422
-29,65.10479625490355,-94.10479625490355
-19,-23.71903556802327,4.719035568023269
-1113,-1020.2294508450393,-92.77054915496069
-5732,-5882.5495227317015,150.54952273170147
-15085,-14883.390472217432,-201.60952778256797
-6179,-6085.862500174808,-93.13749982519221
-2183,-2084.3607349184026,-98.63926508159739
-841,-920.1336284501634,79.13362845016343
-395,-409.0984505066332,14.098450506633185
-151,-86.03614871521637,-64.96385128478363
536,499.5102925477716,36.4897074522284
1126,1043.0957131920359,82.90428680796413
1527,1684.4438747129002,-157.4438747129002
4712,4649.082344056351,62.91765594364915
9531,9717.78872296803,-186.7887229680291
3673,3864.5354095675248,-191.53540956752477
3823,3956.097686453768,-133.0976864537679
2637,2915.288901189108,-278.28890118910795
1965,2309.456324015484,-344.4563240154839
793,799.7209457953858,-6.720945795385774
44,96.17012331840138,-52.17012331840138
0,-19.83797654420131,19.83797654420131
-937,-1013.2351928053265,76.2351928053265
-5344,-5466.585259793376,122.58525979337628
-14079,-13943.68045371616,-135.31954628383937
-5123,-5833.340919193741,710.3409191937408
-2056,-1860.9556945054217,-195.04430549457834
-963,-1037.3544959526407,74.35449595264072
-616,-394.6851248209195,-221.3148751790805
-256,-63.398694894571875,-192.60130510542814
665,655.4979475171523,9.502052482847716
1122,1182.6541262155304,-60.65412621553037
1741,1911.5888356379223,-170.58883563792233
4617,4975.490187105304,-358.49018710530436
9238,9045.144055130639,192.85594486936134
3041,3214.5662573658356,-173.56625736583555
3401,3529.4081998123697,-128.40819981236973
2113,2512.1128481922447,-399.11284819224466
1671,2042.9554574296485,-371.9554574296485
785,760.9252551151935,24.074744884806478
82,2.6724215467403054,79.32757845325969
25,15.69332581786674,9.30667418213326
-298,-359.9842580908305,61.98425809083051
-446,-483.51462499790296,37.514624997902956
-1131,-1245.5713636581988,114.57136365819883
-2004,-1965.7327415944287,-38.26725840557128
-1443,-1640.589108193592,197.58910819359198
-1435,-1729.2825433944986,294.2825433944986
-972,-1039.3796531608054,67.37965316080545
-976,-938.2894337908434,-37.71056620915658
-17,-211.18210976333884,194.18210976333884
-72,391.1277267784164,-463.1277267784164
689,868.9227991361315,-179.92279913613152
720,1087.4889021572321,-367.48890215723213
1304,1734.7253696724847,-430.7253696724847
1477,1978.2676186636438,-501.2676186636438
2491,2876.5407500578863,-385.54075005788627
1180,1498.412772743191,-318.412772743191
1169,1507.6356462668912,-338.6356462668912
321,113.49420646807766,207.50579353192234
-350,-93.21574870524647,-256.7842512947535
-5,-13.256069449308223,8.256069449308223
-272,-302.1001296935692,30.100129693569215
-406,-386.41126328346064,-19.58873671653936
-948,-973.527685599073,25.52768559907304
-1490,-1556.369833493883,66.3698334938831
-1099,-1230.5446241380143,131.54462413801434
-986,-1151.881691872326,165.88169187232597
-773,-817.1651755588058,44.1651755588058
-482,-522.7461475044314,40.746147504431406
49,-130.59388561797726,179.59388561797726
495,382.225813751139,112.77418624886099
691,557.9121777619515,133.0878222380485
760,1055.014082888368,-295.01408288836797
1099,1342.3753659876375,-243.37536598763745
1167,1529.5586012710367,-362.55860127103665
1973,2214.3368220158827,-241.33682201588272
901,1004.0315347542294,-103.03153475422937
1030,1070.7292524636002,-40.72925246360023
237,92.88435337825497,144.11564662174504
-188,-41.97265063112377,-146.02734936887623
6,40.48016231336763,-34.48016231336763
-1063,-1089.9123639992,26.912363999199897
-5735,-6097.872163414116,362.8721634141157
-15435,-14831.206558479345,-603.7934415206546
-5677,-6032.753736724134,355.7537367241339
-1939,-2129.8159319008473,190.81593190084732
-659,-770.2362533428714,111.23625334287135
-377,-388.98790472491777,11.987904724917769
-86,-99.99792347628834,13.997923476288335
432,420.88985413113227,11.110145868867733
772,962.8931491341154,-190.89314913411545
1081,1399.0935012040088,-318.0935012040088
4625,4780.879682477398,-155.8796824773981
10383,10331.428188734391,51.57181126560863
3949,4015.178485115116,-66.17848511511602
4011,3750.7246999347253,260.2753000652747
2312,2672.5383550739925,-360.53835507399253
1669,1937.6040840593703,-268.6040840593703
673,651.0746641612704,21.925335838729552
-12,38.86204832103641,-50.86204832103641
-20,-1.37660324994573,-18.62339675005427
-1032,-1012.1824215495408,-19.817578450459223
-5628,-5803.630522275862,175.63052227586195
-15831,-14780.245007045352,-1050.7549929546476
-5937,-6217.304563274367,280.30456327436696
-1904,-2155.731002028774,251.73100202877413
-901,-902.0582157093581,1.0582157093581372
-621,-443.3914899873298,-177.6085100126702
-109,-106.97244001851489,-2.027559981485112
269,461.1950016159759,-192.1950016159759
972,1112.2633628784058,-140.26336287840581
1695,1618.0974387801425,76.90256121985749
4508,4764.005948203049,-256.00594820304923
9927,9874.02899454977,52.97100545023022
4067,3930.5786235099276,136.42137649007236
3902,3988.852772712344,-86.85277271234418
2595,2636.742763583537,-41.742763583537
2089,2075.394326695572,13.60567330442791
809,705.311493940206,103.68850605979401
27,110.32664774342511,-83.32664774342511
-20,0.788212201398835,-20.788212201398835
-996,-1047.55722669941,51.557226699409966
-5893,-5949.687094665096,56.68709466509608
-15714,-15042.104728898326,-671.8952711016736
-5925,-6088.939800851489,163.93980085148905
-2004,-2193.8666148461416,189.8666148461416
-808,-934.8440054397345,126.84400543973447
-505,-460.47239637538786,-44.52760362461214
40,-111.34937005270982,151.34937005270982
575,448.27537312471026,126.72462687528974
1001,1078.4194115867033,-77.41941158670329
1525,1738.5144909230248,-213.51449092302482
4762,4791.600638432881,-29.60063843288117
9411,9747.682711028425,-336.6827110284248
3733,3808.224534774103,-75.22453477410318
3819,3792.185515617551,26.81448438244888
2617,2782.7815004703025,-165.7815004703025
2181,2114.914292665994,66.0857073340062
751,713.7620020792614,37.23799792073862
18,54.538360230418746,-36.538360230418746
-61,-16.414934356345615,-44.58506564365439
-1367,-1063.4059393999582,-303.59406060004176
-6159,-6064.780600431667,-94.21939956833285
-16151,-14970.584989224884,-1180.4150107751157
-6393,-6308.266465260695,-84.73353473930456
-2282,-2371.453988895457,89.45398889545686
-995,-936.8957503684951,-58.1042496315049
-374,-469.9662925438506,95.96629254385061
-233,-127.73495792020292,-105.26504207979708
497,489.1572191861057,7.842780813894308
958,1152.020223251337,-194.02022325133703
1365,1572.70728647015,-207.70728647014994
4321,4602.066268570388,-281.0662685703883
9175,9524.482879869694,-349.48287986969444
3745,3829.6326798077953,-84.63267980779528
3792,3909.471152056821,-117.47115205682121
2837,2837.2340557272887,-0.23405572728870538
2134,2261.595818048812,-127.5958180488119
892,733.3166293498116,158.6833706501884
22,110.21395440234211,-88.21395440234211
-4,-10.605125733259749,6.605125733259749
-969,-1002.1106801862959,33.110680186295895
-5271,-5565.827667452014,294.8276674520139
-14130,-14028.69329446832,-101.30670553168056
-5307,-5848.319887118709,541.3198871187087
-1990,-2020.350947036177,30.350947036177104
-846,-970.9369652968943,124.9369652968943
-551,-426.05614046821114,-124.94385953178886
-242,-126.04578579937345,-115.95421420062655
260,602.872535345574,-342.87253534557397
1065,1167.224055753089,-102.22405575308903
1831,1855.9540710442834,-24.95407104428341
4019,4780.708460959512,-761.7084609595122
8684,8917.491179505912,-233.49117950591244
2978,3168.1742523600064,-190.17425236000645
3514,3519.000023517383,-5.000023517382942
2265,2389.4345672624336,-124.43456726243357
2236,1978.4709578853049,257.52904211469513
887,769.0868104709817,117.91318952901827
-29,157.29829765040373,-186.29829765040373
5,22.297233964804178,-17.297233964804178
-350,-330.2464693389575,-19.753530661042475
-445,-472.92656857569733,27.92656857569733
-1151,-1237.4599046160502,86.45990461605015
-2030,-1936.665849457886,-93.334150542114
-1499,-1627.0637653685458,128.06376536854577
-1594,-1615.9977473596566,21.997747359656614
-838,-960.943799341446,122.94379934144604
-725,-851.7611028516466,126.76110285164657
-197,-226.11957720290172,29.119577202901723
393,399.7212439853613,-6.721243985361298
757,878.8977650125547,-121.89776501255471
1080,1074.5443435004224,5.455656499577572
1265,1717.3039256036877,-452.30392560368773
1348,1941.0900406649093,-593.0900406649093
2464,2860.3532866908863,-396.3532866908863
1203,1433.634192609545,-230.63419260954493
1232,1464.8336402418727,-232.83364024187267
357,130.2868098876163,226.7131901123837
-399,-152.44228387040496,-246.55771612959504
-6,-8.953921333973934,2.953921333973934
-282,-289.37011968938083,7.370119689380829
-439,-356.7356907947379,-82.26430920526212
-1009,-932.397863749783,-76.60213625021697
-1487,-1539.0001920307916,52.000192030791595
-1149,-1171.3738985449527,22.37389854495268
-1073,-975.1320548473508,-97.86794515264921
-770,-750.1460302181007,-19.85396978189931
-326,-568.4369625747507,242.43696257475074
-159,-93.26317963971077,-65.73682036028923
136,409.5446718131966,-273.5446718131966
707,810.3881258324493,-103.3881258324493
727,1188.836928384626,-461.83692838462593
1162,1403.5191805085133,-241.51918050851327
1053,1545.2655048232782,-492.2655048232782
1963,2304.5634283010986,-341.5634283010986
860,1058.7669720613258,-198.76697206132576
950,1157.411191847789,-207.41119184778904
268,78.12080431739277,189.87919568260725
-211,-10.861962754239212,-200.13803724576078
-19,-12.413861756228386,-6.5861382437716145
-1240,-1063.4256458078357,-176.57435419216426
-5990,-6105.518624218946,115.51862421894566
-15150,-14656.175055363386,-493.8249446366135
-5556,-5978.784712111398,422.7847121113982
-1684,-2160.06889139825,476.0688913982499
-668,-748.6825919264722,80.68259192647224
-457,-445.1134739662784,-11.886526033721623
-136,-153.59148757223883,17.591487572238833
303,395.72108766517727,-92.72108766517727
741,899.620736467766,-158.62073646776605
1270,1369.2870399888614,-99.28703998886135
4581,4794.661474533653,-213.66147453365284
10055,9986.082662540364,68.91733745963575
4111,3922.2925304152473,188.70746958475274
3930,3670.805867352255,259.19413264774494
2363,2477.1406758355956,-114.14067583559563
1861,1814.7868942798666,46.2131057201334
734,613.8154397626978,120.18456023730221
36,-14.371695922855501,50.3716959228555
1,-26.453269725299197,27.453269725299197
-1076,-1087.2156024903284,11.215602490328365
-6056,-6114.956993420354,58.95699342035368
-15610,-15307.921167977318,-302.07883202268204
-6062,-6145.588689616628,83.58868961662756
-1795,-2270.4159176484213,475.4159176484213
-565,-1016.209723359088,451.209723359088
-505,-466.0512059684768,-38.94879403152322
44,-112.62620539078728,156.62620539078728
386,430.89256975818336,-44.892569758183356
813,1068.654711035823,-255.65471103582308
1462,1636.7884094790018,-174.78840947900176
4549,4747.383947237842,-198.38394723784222
9700,10257.87892773578,-557.8789277357791
4072,3941.6049505064484,130.3950494935516
3657,3887.17758724215,-230.1775872421499
2460,2727.0154528450653,-267.0154528450653
1940,1991.0003491007596,-51.00034910075965
673,661.1241478570905,11.87585214290948
23,81.11322711520624,-58.11322711520624
-19,34.53938303754815,-53.53938303754815
-1035,-1051.8538372529063,16.85383725290626
-5893,-6059.458487660592,166.45848766059225
-15637,-14918.86532192917,-718.13467807083
-5850,-6156.6047759288485,306.60477592884854
-2016,-2082.073202836368,66.07320283636818
-466,-905.2062253150558,439.2062253150558
-423,-412.5946101673267,-10.40538983267328
-87,-157.16373535113644,70.16373535113644
409,458.7709744698942,-49.77097446989421
886,1003.7476844059647,-117.74768440596472
1292,1590.8539996746688,-298.8539996746688
5119,4857.818474645799,261.18152535420086
9586,10242.228522827345,-656.2285228273449
3444,3832.864968128138,-388.8649681281381
3779,3691.875506944242,87.1244930557582
2549,2564.175813066328,-15.175813066327919
1815,2065.271449832857,-250.2714498328569
666,660.5055730058398,5.4944269941602215
29,81.46778488504457,-52.467784885044566
-21,-1.362430983932179,-19.637569016067822
-1043,-1090.132141143893,47.13214114389302
-5654,-5973.640483454398,319.64048345439824
-15406,-14939.068270137892,-466.9317298621081
-5656,-5837.683738583865,181.6837385838653
-1844,-2157.701611979857,313.7016119798568
-816,-959.4222086047887,143.4222086047887
-475,-449.346802376408,-25.653197623592007
-48,-125.20388743583015,77.20388743583015
418,476.34355576615684,-58.34355576615684
830,1141.4438757517917,-311.44387575179167
1423,1529.5459933790955,-106.54599337909553
4751,4773.079018485744,-22.0790184857442
9286,9768.484225765815,-482.4842257658147
3671,3881.8643294594754,-210.86432945947536
3661,3887.6731720678126,-226.67317206781263
2588,2857.5321958207755,-269.53219582077554
2159,2171.189192947609,-12.189192947609172
859,690.3119994479143,168.68800055208567
43,44.70856430121987,-1.708564301219873
-13,6.8483190081272465,-19.84831900812725
-1114,-947.0970342097368,-166.90296579026324
-5280,-5552.800894689247,272.8008946892469
-14620,-13964.494322158283,-655.5056778417165
-5645,-5878.67139145829,233.6713914582897
-1772,-2051.9421446314163,279.94214463141634
-821,-1028.3976044675082,207.39760446750824
-513,-359.4560112335604,-153.5439887664396
-151,132.79571526905295,-283.79571526905295
649,656.973839955295,-7.973839955295034
1109,1204.8640879950865,-95.86408799508649
1594,1864.4563192967944,-270.4563192967944
5023,4864.303850566547,158.69614943345277
9039,9088.72655632946,-49.726556329460436
3101,3423.7226850046613,-322.72268500466134
3266,3516.0228755936396,-250.02287559363958
2108,2358.0565062477144,-250.05650624771442
1947,1885.9192007367215,61.08079926327855
730,711.6324347435948,18.367565256405214
17,-21.333722344522194,38.333722344522194
-11,-0.34336434947071337,-10.656635650529287
-375,-356.964428666588,-18.03557133341201
-495,-491.05620593764525,-3.9437940623547547
-1214,-1219.8204705251305,5.820470525130531
-1821,-1992.6706781848022,171.67067818480223
-1516,-1529.3341033660809,13.334103366080853
-1425,-1655.0581992799866,230.05819927998664
-920,-888.6240943230259,-31.37590567697407
-710,-747.67779742878,37.67779742877997
169,-24.906690380037034,193.90669038003705
178,526.6363083509008,-348.6363083509008
822,882.6417176679753,-60.641717667975286
956,1146.0314530235885,-190.03145302358848
1209,1850.212943418012,-641.212943418012
1188,2447.4466108538536,-1259.4466108538536
2577,2794.6177807054196,-217.6177807054196
1216,1561.020496407831,-345.02049640783093
1177,1633.8175398261242,-456.8175398261242
357,216.15523714766303,140.84476285233697
-303,-11.711427086699258,-291.28857291330075
-4,0.8485071352905199,-4.84850713529052
-284,-285.90520308957366,1.9052030895736607
-407,-388.0467312321984,-18.953268767801603
-1087,-897.3353207809522,-189.6646792190478
-1426,-1494.6713536571972,68.67135365719719
-1076,-1135.0904814867267,59.09048148672673
-693,-994.8857847641251,301.8857847641251
-600,-731.2662102158139,131.26621021581389
-293,-527.9013127638881,234.9013127638881
21,-18.950004538005302,39.9500045380053
478,425.2414924378967,52.75850756210332
530,774.9743431393794,-244.97434313937936
882,1247.9349264988996,-365.9349264988996
1139,1449.2750409327216,-310.2750409327216
1018,1579.2470725582632,-561.2470725582632
2011,2370.9328168126435,-359.9328168126435
730,1125.2149136837738,-395.21491368377383
984,1219.0616051288428,-235.06160512884276
276,172.08400916759066,103.91599083240934
-245,60.15052839096932,-305.1505283909693
-2,-0.8900422358115145,-1.1099577641884855
-1078,-977.3567621878575,-100.6432378121425
-5737,-6012.645326856162,275.6453268561618
-15129,-14767.928656372127,-361.0713436278729
-5848,-5706.41002721813,-141.58997278186962
-1723,-2070.2886693223863,347.28866932238634
-732,-753.8092125460098,21.809212546009803
-407,-420.8000133845085,13.800013384508475
-96,-123.90683242550038,27.906832425500383
355,423.63260084448774,-68.63260084448774
919,1016.5105999761576,-97.51059997615755
1315,1390.6940329796582,-75.69403297965823
4594,4893.289859476767,-299.28985947676665
9607,9940.224136464654,-333.2241364646543
3758,4029.3957035416543,-271.39570354165426
3689,3739.110492192174,-50.110492192174206
2440,2564.520777535372,-124.52077753537196
1740,1859.6391962819434,-119.63919628194344
652,635.2233998599578,16.776600140042206
11,-2.888097368506885,13.888097368506886
-2,-18.308855816534134,16.308855816534134
-1038,-1045.192993627075,7.192993627075111
-5792,-6059.955642221013,267.95564222101257
-15086,-14711.858380478347,-374.1416195216534
-5895,-5864.876647804852,-30.123352195148072
-1879,-1942.0404774019148,63.04047740191481
-897,-858.949646266567,-38.050353733432985
-413,-412.83169720078894,-0.1683027992110624
-50,-50.96937529164359,0.9693752916435869
476,454.4591482831961,21.5408517168039
972,1159.1053377911924,-187.10533779119237
1458,1604.8100439618424,-146.81004396184244
4501,4635.820369036603,-134.82036903660264
9120,9369.50629935112,-249.5062993511201
3160,3768.91137072595,-608.9113707259498
3402,3815.9278448832943,-413.92784488329426
2551,2621.446168952494,-70.44616895249419
2056,2040.7044974446455,15.29550255535446
1034,735.9684412162873,298.03155878371274
108,199.16791698950345,-91.16791698950345
34,34.13286432226708,-0.132864322267082
-273,-469.48504352155373,196.48504352155373
-443,-574.3524323034305,131.35243230343053
-1046,-606.2542579232602,-439.7457420767398
-1733,-944.98161084498,-788.01838915502
-1403,-1801.2139717998205,398.21397179982046
-1208,-1395.9556769897933,187.95567698979335
-1018,-901.3578776544755,-116.64212234552451
-555,-559.4068357932091,4.406835793209098
-57,196.1981976588645,-253.1981976588645
543,460.1250067810557,82.87499321894433
816,775.0303959089252,40.96960409107476
832,674.8359408054001,157.16405919459987
1262,1545.209625507269,-283.20962550726904
1043,1501.3602630682014,-458.36026306820145
2096,1787.544512077195,308.4554879228051
970,1157.3879835652745,-187.38798356527445
1063,1359.3934957148904,-296.3934957148904
284,207.79776464531272,76.20223535468728
-269,-108.08272585224849,-160.91727414775153
-39,-11.787566607844157,-27.212433392155845
-1035,-1060.2251951553976,25.225195155397614
-5616,-6002.388191653493,386.38819165349287
-14780,-14933.555635299792,153.5556352997919
-5634,-5986.056938373544,352.05693837354374
-1962,-2181.0849376221995,219.0849376221995
-805,-988.3067906296071,183.30679062960712
-459,-469.4157296124357,10.415729612435712
-168,-127.14792513011473,-40.85207486988527
488,552.1996024215886,-64.19960242158857
792,1176.8728608606384,-384.8728608606384
1330,1621.0078648407675,-291.0078648407675
4580,4571.5516072222445,8.448392777755544
9021,9660.655602450079,-639.6556024500787
3603,3776.004840674175,-173.00484067417483
3535,3898.8117143377845,-363.81171433778445
2589,2855.3700226698184,-266.37002266981835
2074,2167.1827041956176,-93.18270419561759
705,694.2140892492699,10.785910750730068
-40,166.21947340873055,-206.21947340873055
3,-25.150675374246187,28.150675374246187
-965,-999.7843049361237,34.784304936123704
-5281,-5539.32774741142,258.3277474114202
-14077,-13995.83862878836,-81.16137121163956
-5409,-5889.645092237908,480.6450922379081
-1868,-1953.6372496737215,85.6372496737215
-871,-1031.7918725422965,160.79187254229646
-517,-383.4655045667806,-133.53449543321938
-213,-79.42184081508876,-133.57815918491124
616,589.2339229029327,26.766077097067296
895,1297.9432723232085,-402.9432723232085
1723,1809.8386153105998,-86.83861531059983
4489,4912.471575982269,-423.4715759822693
8868,9132.030106890408,-264.0301068904082
2780,3244.6749889993,-464.6749889992998
3236,3446.3239058844224,-210.3239058844224
2102,2348.1019528007578,-246.10195280075777
2072,1913.3737364753042,158.6262635246958
822,736.3853946117068,85.61460538829317
-3,-9.856926027186455,6.856926027186455
14,3.9789459574291417,10.021054042570858
-382,-360.10494451832767,-21.89505548167233
-463,-504.95868625149177,41.95868625149177
-1276,-1254.1199032874476,-21.88009671255236
-1934,-2031.7774347835114,97.77743478351135
-1497,-1720.743762899255,223.743762899255
-1772,-1682.4288413967813,-89.57115860321869
-989,-982.862930786872,-6.137069213128029
-614,-754.5050638070242,140.50506380702416
-162,-209.8903610819087,47.89036108190871
217,393.3426211941752,-176.3426211941752
807,877.3752569369602,-70.37525693696023
796,1015.9635296433983,-219.96352964339826
1387,1699.733829412928,-312.7338294129279
1222,2149.992069645718,-927.992069645718
2593,2664.888050268625,-71.8880502686252
1236,1380.1909675481782,-144.19096754817815
1224,1343.3690840814781,-119.36908408147815
303,121.76701634632087,181.23298365367913
-330,-82.36462831417273,-247.63537168582727
-10,-3.634646242326752,-6.3653537576732475
-260,-303.0005392150107,43.00053921501069
-395,-399.7826486056308,4.782648605630811
-1000,-926.0516829655676,-73.94831703443242
-1401,-1597.4730105802719,196.47301058027188
-1385,-1264.1923889585744,-120.80761104142562
-998,-1051.5637172377283,53.56371723772827
-643,-699.2250772566671,56.22507725666708
-345,-472.8120506373259,127.81205063732591
-151,-82.89640212745385,-68.10359787254615
437,326.42185968698305,110.57814031301695
525,678.040490871249,-153.04049087124895
562,992.0366254338763,-430.03662543387634
1054,1275.8927015658073,-221.89270156580733
1097,1302.6111986964813,-205.61119869648132
1877,2116.2984398300187,-239.29843983001865
910,886.5497024744461,23.45029752555388
816,993.5266562216677,-177.52665622166774
333,107.90986613599361,225.0901338640064
-188,-16.864737788468585,-171.13526221153143
-20,21.962127363794696,-41.96212736379469
-1077,-1089.0324980064233,12.032498006423339
-5771,-5887.25196089065,116.25196089064957
-14591,-14828.165750191272,237.1657501912723
-5241,-5981.911144481167,740.911144481167
-1384,-2003.6589149288782,619.6589149288782
-639,-714.5445962644231,75.54459626442315
-289,-414.9146909629993,125.91469096299932
-196,-151.60250108958283,-44.39749891041717
248,454.34521122203523,-206.34521122203523
722,916.9753176698997,-194.9753176698997
1140,1324.5675508288641,-184.5675508288641
4481,4826.027577671732,-345.0275776717317
9697,10418.610914602334,-721.6109146023337
3393,3992.7473544613567,-599.7473544613567
2690,3755.6648764887486,-1065.6648764887486
2299,2575.274776585324,-276.27477658532416
1632,1841.355876495577,-209.35587649557692
600,651.7930641898295,-51.793064189829465
31,39.4344642812578,-8.434464281257803
1,-15.135260536411804,16.135260536411806
-1080,-1089.8842606110845,9.884260611084528
-5756,-5980.663291171332,224.66329117133228
-15618,-14822.484635569976,-795.5153644300244
-6411,-6174.173176492886,-236.82682350711366
-2362,-2216.3407302339715,-145.6592697660285
-989,-929.6300662937755,-59.369933706224515
-492,-428.6453210050438,-63.3546789949562
178,-97.76445369901434,275.7644536990143
603,446.500051319083,156.499948680917
822,1028.6127819471435,-206.6127819471435
1481,1594.0998770475069,-113.09987704750688
4915,4796.592048096556,118.40795190344397
9871,10072.501556141666,-201.5015561416658
4204,3926.2117941645392,277.78820583546076
3913,3964.006458191027,-51.00645819102692
2553,2629.595773652901,-76.59577365290079
1843,2005.6912856764477,-162.6912856764477
824,707.9342603717507,116.06573962824928
33,29.398541696276002,3.601458303723998
5,-2.692110004096481,7.692110004096481
-1088,-1048.8096908195284,-39.19030918047156
-5846,-5934.922614563036,88.9226145630364
-15063,-15085.784262483407,22.784262483406565
-6386,-6002.728937478762,-383.2710625212376
-2278,-2122.070377889392,-155.92962211060785
-993,-867.8918052805664,-125.10819471943364
-283,-353.1353795090062,70.13537950900621
-176,-125.26000512084217,-50.739994879157834
511,442.79893901740576,68.20106098259424
849,1121.2397103517678,-272.2397103517678
1491,1705.752552007876,-214.75255200787592
4951,5230.748077005464,-279.74807700546444
9403,10074.378459272895,-671.3784592728953
3566,3810.6108113475443,-244.6108113475443
3714,3714.947928065337,-0.9479280653367823
2597,2784.850692652477,-187.85069265247694
1965,2135.7956865728897,-170.79568657288974
757,666.9034073988457,90.09659260115427
45,46.183417713326094,-1.1834177133260937
18,-3.892957398932225,21.892957398932225
-1107,-1044.2118915602102,-62.78810843978977
-5794,-5832.676969964957,38.6769699649567
-15137,-14820.381528000684,-316.61847199931617
-6697,-6015.923037685783,-681.0769623142169
-2085,-2086.074256801613,1.0742568016130463
-973,-981.5015035787819,8.501503578781922
-417,-397.02826271689094,-19.971737283109064
-151,-108.48353687450759,-42.51646312549241
650,537.0056316707432,112.99436832925676
864,1137.35510303516,-273.35510303516
1573,1693.1711229470397,-120.17112294703975
4376,4651.561743353364,-275.56174335336436
9346,9348.230942681805,-2.230942681804663
3625,3874.229010597,-249.22901059700007
3908,3876.4486113791304,31.551388620869602
2673,2922.357611736131,-249.35761173613082
2115,2243.2490354197316,-128.24903541973163
898,739.5090711950672,158.49092880493276
56,100.92298342303934,-44.92298342303934
-18,0.08180034313053863,-18.08180034313054
-977,-997.4093772851454,20.40937728514541
-5414,-5440.029364738642,26.02936473864156
-14503,-13942.29554284116,-560.7044571588394
-5849,-5720.460751363263,-128.53924863673728
-2150,-2060.0023116257967,-89.99768837420334
-951,-1041.5044963048865,90.50449630488652
-625,-398.0758945684525,-226.9241054315475
-117,-71.68041252070157,-45.319587479298434
706,636.0971073495317,69.90289265046829
1149,1314.7611905149022,-165.76119051490218
1932,1831.0004061709674,100.99959382903262
5044,4825.693976568917,218.3060234310833
9045,8957.29034390403,87.70965609597079
2957,3201.5834748582524,-244.58347485825243
3403,3502.3264639770605,-99.32646397706048
2104,2353.3450998741578,-249.34509987415777
1831,2043.6423245077542,-212.6423245077542
736,812.1417307167062,-76.1417307167062
40,120.83649903705442,-80.83649903705442
9,8.45623595212151,0.54376404787849
-422,-383.8835744668507,-38.11642553314931
-575,-516.8219326269016,-58.17806737309843
-1168,-1255.4283431948961,87.42834319489612
-2055,-2006.5510684628343,-48.44893153716566
-1676,-1615.4962642428338,-60.50373575716617
-1560,-1485.5615385907154,-74.43846140928463
-791,-937.7656638646022,146.76566386460217
-497,-829.3078065949929,332.30780659499294
-71,-185.43533240097113,114.43533240097113
361,335.4001602935292,25.59983970647079
535,690.8468834584633,-155.84688345846325
990,843.5705038673849,146.4294961326151
1038,1492.3022118084061,-454.3022118084061
1050,1955.427122345566,-905.427122345566
2356,2658.128680874271,-302.12868087427114
933,1210.4232777571324,-277.4232777571324
1094,1261.915753839195,-167.91575383919508
230,120.07791479851785,109.92208520148215
-311,-102.0536767443341,-208.9463232556659
-17,-6.523575772548672,-10.476424227451329
-264,-297.0338379050977,33.0338379050977
-298,-392.0170792499767,94.01707924997669
-1109,-950.6502287579846,-158.34977124201544
-1585,-1577.3280080482546,-7.67199195174544
-1124,-1266.5461168543452,142.5461168543452
-980,-1078.8042352752234,98.80423527522339
-681,-835.3886608895436,154.38866088954364
-484,-507.6995634766086,23.699563476608603
-70,-120.5152437687603,50.5152437687603
503,314.9195751706291,188.08042482937088
379,638.6322457194085,-259.6322457194085
674,902.2422273305339,-228.24222733053386
1161,1141.9317451161387,19.0682548838613
1055,1323.0885007864404,-268.08850078644036
1978,2128.595444494155,-150.5954444941549
742,880.8174666151284,-138.8174666151284
1016,982.0391705893438,33.960829410656174
282,93.41204527209842,188.58795472790158
-141,-16.127198700780824,-124.87280129921918
-45,-8.068593552581948,-36.931406447418055
-1098,-1118.5302953111304,20.53029531113043
-5769,-6076.687374570468,307.6873745704679
-15188,-15019.76492502735,-168.23507497265018
-5880,-5995.948513520339,115.94851352033857
-2189,-2106.6728334789004,-82.32716652109957
-868,-769.3100762342301,-98.68992376576989
-519,-414.0362010521478,-104.96379894785218
-214,-158.48909395959663,-55.51090604040337
524,387.43655112640636,136.56344887359364
920,889.7692444450502,30.230755554949837
1297,1359.9397216456027,-62.93972164560273
4706,4787.6029311828715,-81.60293118287154
9828,9981.675101184812,-153.67510118481187
4047,3972.360571702504,74.63942829749612
3720,3878.6246499738704,-158.62464997387042
2528,2518.49899530972,9.501004690279842
1850,1824.0761460960437,25.923853903956342
671,585.2245965166528,85.77540348334719
41,-13.449688357620646,54.449688357620644
-26,-18.04920684468558,-7.950793155314422
-1126,-1083.6499901518407,-42.35000984815929
-5965,-6038.173360074548,73.17336007454833
-15667,-14924.518568241387,-742.4814317586133
-6249,-6121.035852371787,-127.96414762821314
-2141,-2104.991975347846,-36.008024652153836
-939,-951.1196436251219,12.119643625121853
-354,-455.84594543357235,101.84594543357235
-224,-104.59871684932642,-119.40128315067358
529,483.79299608728877,45.20700391271123
1241,1084.786980697519,156.21301930248092
1496,1597.5574532102296,-101.5574532102296
4995,4723.8607402902135,271.13925970978653
10135,9988.564384155674,146.4356158443261
3995,3945.7626312236675,49.23736877633246
3880,3900.9766618150798,-20.97666181507975
2447,2588.9675717981363,-141.9675717981363
1879,1960.859034898698,-81.85903489869793
665,650.7190793157571,14.280920684242915
20,156.89591103138122,-136.89591103138122
17,-10.102192135390656,27.102192135390656
-1075,-1053.6841807297037,-21.315819270296288
-5498,-5786.91422087769,288.91422087769024
-15527,-14836.434855884854,-690.5651441151458
-6372,-6020.485022570251,-351.5149774297488
-2061,-2175.647136256926,114.64713625692593
-892,-951.2232260258547,59.22322602585473
-526,-469.925826173297,-56.074173826702975
-215,-153.33763850720376,-61.66236149279624
484,411.49958867553056,72.50041132446944
997,933.9173213333131,63.08267866668689
1335,1557.4079840782815,-222.40798407828152
5109,5184.359444758269,-75.35944475826909
9474,9984.641724505624,-510.64172450562364
3687,3764.1669712595835,-77.16697125958353
3681,3758.4353593326173,-77.43535933261728
2500,2664.8256866552633,-164.82568665526333
2043,2023.9191383919385,19.08086160806147
812,662.1565395182745,149.84346048172551
42,87.85090371729312,-45.85090371729312
-20,-2.074076636826828,-17.925923363173172
-1063,-1083.3609364836693,20.36093648366932
-5594,-5903.049801602908,309.0498016029078
-15304,-14963.853755544362,-340.1462444556382
-6329,-5987.9618796133345,-341.03812038666547
-2146,-2263.447044827385,117.44704482738507
-1103,-966.3765412178269,-136.6234587821731
-337,-457.73830842395546,120.73830842395546
-330,-163.43729158210002,-166.56270841789998
408,462.82221656441436,-54.82221656441436
1101,1015.2095719372555,85.79042806274447
1230,1528.4948622324118,-298.49486223241183
4760,4624.4260805114955,135.57391948850454
8901,9541.965808928506,-640.9658089285058
3646,3690.8088614043654,-44.808861404365416
3792,3895.864143973028,-103.86414397302815
2727,2756.0630883673016,-29.06308836730159
2015,2163.05907099073,-148.0590709907301
929,705.2884615824474,223.71153841755256
60,59.20439714837124,0.7956028516287574
-29,-18.336504586535096,-10.663495413464904
-1061,-1046.0499879163247,-14.950012083675347
-5177,-5535.718798205489,358.7187982054893
-13944,-14103.696415278975,159.6964152789751
-5470,-5848.764274908153,378.7642749081533
-1923,-2006.922281006415,83.922281006415
-1007,-1003.0982271201253,-3.9017728798746703
-456,-423.54789504159453,-32.45210495840547
-171,-100.19416704629289,-70.80583295370711
385,600.9564306094104,-215.9564306094104
1174,1162.4866688643924,11.513331135607586
1827,1755.8926844446803,71.1073155553197
5106,4830.646062972516,275.3539370274839
8440,8753.123110971403,-313.12311097140264
2725,3189.0643823415717,-464.0643823415717
3136,3448.2767284429915,-312.2767284429915
2190,2317.0114729540915,-127.01147295409146
1950,1923.1548535924892,26.84514640751081
917,727.8832591168564,189.11674088314362
-27,-17.767744916962148,-9.232255083037852
1,12.81843014882463,-11.81843014882463
-449,-362.52343752067867,-86.47656247932133
-487,-491.9413028603264,4.941302860326402
-1095,-1240.4751789814209,145.47517898142087
-2086,-1958.4932429948944,-127.50675700510556
-1498,-1642.4744151732723,144.4744151732723
-1358,-1670.1288490143083,312.12884901430834
-744,-1021.7420232997582,277.7420232997582
-883,-749.1552949981885,-133.84470500181146
-150,-199.1022610430112,49.1022610430112
344,313.48393233024234,30.51606766975766
747,725.4286627569159,21.571337243084145
867,802.6281052861249,64.37189471387512
1491,1557.293577934016,-66.29357793401596
1432,2104.3507797390025,-672.3507797390025
2361,2654.7467034976835,-293.7467034976835
967,1341.274700755721,-374.2747007557209
1199,1326.2194139100568,-127.2194139100568
156,34.99306078216683,121.00693921783318
-449,-149.7558497940482,-299.24415020595177
-35,-0.49103748592193547,-34.508962514078064
-343,-300.1979863745365,-42.80201362546347
-426,-384.03902338909216,-41.960976610907835
-945,-961.9781029656382,16.978102965638186
-1570,-1586.153165579262,16.153165579261895
-1203,-1299.0484772053596,96.04847720535963
-991,-1121.8098869587454,130.80988695874544
-700,-781.6554482062073,81.65544820620732
-354,-499.59092129147103,145.59092129147103
19,-106.05186715227826,125.05186715227826
408,345.542428054298,62.457571945702
646,488.85353019218763,157.14646980781237
939,879.1703764095295,59.82962359047053
958,1153.9782700819808,-195.97827008198078
1269,1377.2413617220177,-108.2413617220177
1992,2107.0159349694723,-115.01593496947226
706,923.0756036086541,-217.0756036086541
724,1015.6745351055184,-291.67453510551843
287,118.23344140520715,168.76655859479285
-241,-11.607918153958016,-229.39208184604198
-7,1.1282546996218366,-8.128254699621836
-1163,-1086.7764810945027,-76.22351890549726
-5936,-6000.001082907099,64.00108290709886
-15155,-14695.95205082619,-459.0479491738097
-5572,-5858.524560762568,286.5245607625684
-1950,-2114.930805126681,164.9308051266812
-856,-754.2950121106048,-101.70498788939517
-394,-437.4962909842822,43.49629098428221
-255,-162.3427141053621,-92.65728589463791
270,394.12574655214223,-124.12574655214223
853,896.6415006317449,-43.64150063174486
1154,1342.9980858456001,-188.99808584560014
4610,4748.0997307601865,-138.0997307601865
9664,9825.999787288083,-161.9997872880831
3919,3895.0992129500028,23.900787049997234
3689,3668.6149967179017,20.385003282098296
2569,2543.6958433812874,25.304156618712568
2038,1822.828983219547,215.1710167804531
879,643.7250702252928,235.27492977470718
26,-17.446251498480354,43.44625149848035
-4,-17.162005346209288,13.162005346209288
-1094,-1094.3291914029498,0.3291914029498457
-5902,-5991.651203017602,89.6512030176018
-14929,-14772.359176654649,-156.64082334535124
-6271,-5976.476843079194,-294.5231569208063
-1912,-2189.271316114329,277.2713161143288
-948,-983.6164083166913,35.61640831669126
-437,-476.06771051566136,39.06771051566136
-111,-104.45404767167875,-6.545952328321249
544,469.3613744098693,74.63862559013069
1091,1061.6912274415506,29.30877255844939
1451,1593.4676197736924,-142.46761977369238
4221,4762.640086298915,-541.6400862989149
9269,9518.98556511698,-249.98556511698007
3617,3926.870107465293,-309.87010746529313
3609,3832.7004008898903,-223.70040088989026
2369,2666.291947677313,-297.29194767731315
2158,1984.0324346641282,173.96756533587177
1073,663.4994018391511,409.5005981608489
154,14.657408106689743,139.34259189331027
9,57.4450488304959,-48.4450488304959
-357,-596.6267990191197,239.62679901911974
-778,-678.9368206990991,-99.06317930090086
-1797,-4042.448950073574,2245.448950073574
-2182,-1635.1979013487996,-546.8020986512004
-1735,-1551.4368523077826,-183.5631476922174
-1442,-1326.1548294673812,-115.8451705326188
-840,-819.189682521724,-20.810317478276033
-340,-300.7456181877396,-39.25438181226042
28,348.33501735087043,-320.33501735087043
582,585.3250841285421,-3.32508412854213
1478,1100.7835841416324,377.21641585836755
2211,1560.0036152410669,650.9963847589331
2037,1719.468027066629,317.531972933371
1545,2421.1578207795087,-876.1578207795087
2646,2658.1002102605025,-12.100210260502536
1302,1394.39047594817,-92.39047594816998
1305,1460.2944880059413,-155.29448800594128
540,599.9894546787206,-59.98945467872056
-21,-0.2798066948928982,-20.720193305107102
-18,-10.067793882150418,-7.9322061178495815
-1163,-1091.2845986306709,-71.71540136932913
-5797,-6038.423189112638,241.42318911263828
-15018,-14922.995169047948,-95.00483095205163
-5553,-6027.116911885497,474.11691188549685
-2176,-2204.2264531421865,28.22645314218653
-858,-955.7673703292239,97.76737032922392
-326,-456.3070322155596,130.30703221555962
-187,-107.85735968809206,-79.14264031190794
325,440.0310504752094,-115.03105047520938
970,1043.506201872489,-73.5062018724891
1248,1567.3356647138655,-319.3356647138655
4287,4558.608468537209,-271.60846853720886
9433,9382.754882324758,50.245117675242
3611,3821.2298545160756,-210.22985451607565
3928,3864.8115888507455,63.188411149254534
2646,2639.3760793577185,6.623920642281519
2177,2117.2313088263845,59.76869117361548
783,646.3842382906167,136.61576170938326
-3,42.29914894799517,-45.29914894799517
-16,-13.793519304831106,-2.206480695168894
-1139,-1007.3032954085344,-131.69670459146562
-5353,-5557.802589862687,204.80258986268655
-14169,-13787.80981589175,-381.19018410825083
